{
  "controller/BaseController-dbg.js": 1623314177107,
  "model/formatter.js": 1623314177171,
  "model/models.js": 1623314177180,
  "manifest.json": 1623331755302,
  "controller/Worklist.controller.js": 1623314177130,
  "controller/Object.controller.js": 1623314177123,
  "controller/NotFound.controller.js": 1623314177116,
  "controller/ErrorHandler.js": 1623314177113,
  "controller/BaseController.js": 1623314177107,
  "controller/App.controller.js": 1623314177102,
  "Component.js": 1623314177098,
  "manifest-bundle.zip": 1623331755344,
  "Component-preload.js": 1623331755566,
  "controller/ErrorHandler-dbg.js": 1623314177113,
  "model/formatter-dbg.js": 1623314177171,
  "controller/Worklist-dbg.controller.js": 1623314177130,
  "controller/Object-dbg.controller.js": 1623314177123,
  "controller/NotFound-dbg.controller.js": 1623314177116,
  "model/models-dbg.js": 1623314177180,
  "i18n/i18n.properties": 1623314177141,
  "controller/App-dbg.controller.js": 1623314177102,
  "Component-dbg.js": 1623314177098,
  "view/Worklist.view.xml": 1623314647860,
  "view/ObjectNotFound.view.xml": 1623314177281,
  "view/Object.view.xml": 1623314711151,
  "view/NotFound.view.xml": 1623314177272,
  "view/App.view.xml": 1623314177268,
  "test.html": 1623314177185,
  "index.html": 1623314177149
}